iso3c,country,income_group,year,gini,inc_share_low20,poverty_215,sec_enrol_gross,tert_enrol_gross,sec_completion,adult_literacy,youth_literacy,gpi_sec,gpi_tert,edu_spend_gdp,gdp_pc_ppp,pop_total,work_age_share,gov_effect,voice_account,ctrl_corrup
CRI,Costa Rica,High income,2015,48.4,4.3,2.4,88.40096282958984,51.2845802307129,93.9088134765625,,,0.9801599979400636,0.955269992351532,6.87349987030029,21254.7840932049,4818038.0,68.7112504393645,0.306554466485977,1.15161108970642,0.687055706977844
CRI,Costa Rica,High income,2016,48.7,4.2,2.4,89.59615325927734,51.6516418457031,93.75582122802734,,,0.979569971561432,0.9633100032806396,6.89395999908447,21925.6000803999,4866998.0,68.8045144876282,0.28387451171875,1.11790990829468,0.678310811519623
CRI,Costa Rica,High income,2017,48.3,4.4,1.7,86.21549987792969,54.4492301940918,93.52646636962892,,,0.9961199760437012,0.985539972782135,7.06981992721558,22622.5534502517,4913177.0,68.8412507833526,0.222521707415581,1.12175965309143,0.432391852140427
CRI,Costa Rica,High income,2018,48.0,4.3,2.3,90.9377670288086,52.6140899658203,94.3639907836914,,80.55,1.001129984855652,0.9936100244522096,6.76992988586426,23005.3121471794,4957818.0,68.8109769257363,0.352706402540207,1.11900758743286,0.50113844871521
CRI,Costa Rica,High income,2019,48.2,4.4,1.7,92.08570098876952,55.0202903747559,94.52715301513672,,,1.006940007209778,1.005789995193481,6.73809003829956,23364.783127574,4999553.0,68.7652107333185,0.347661405801773,1.09427237510681,0.626857101917267
CRI,Costa Rica,High income,2020,49.2,4.0,3.4,89.04206848144531,,94.26821136474608,,,1.003610014915466,1.018720030784607,6.62899017333984,22211.8613921698,5034320.0,68.778633459931,0.196500390768051,1.12029850482941,0.661411285400391
CRI,Costa Rica,High income,2021,48.7,4.3,2.2,91.43411254882812,,67.5881729125977,,,1.001860022544861,1.052049994468689,6.24842977523804,23852.9253020002,5059988.0,68.8374526616913,0.222867384552956,1.08030879497528,0.47030770778656
CRI,Costa Rica,High income,2022,47.2,4.5,1.6,95.22907257080078,,65.2705612182617,,,1.007060050964355,1.040179967880249,5.5472297668457,24831.7193480342,5081765.0,68.8983029418227,0.0526026673614979,1.07340776920319,0.465857774019241
CRI,Costa Rica,High income,2023,46.7,4.5,1.5,93.64320373535156,,62.2842102050781,,,1.000530004501343,1.016970038414001,5.31208992004395,25979.6286150717,5105525.0,68.9501697719461,0.260196477174759,1.0699063539505,0.653749406337738
CRI,Costa Rica,High income,2024,45.8,4.6,1.3,92.42777252197266,,61.3869781494141,,,0.9977099895477296,1.005579948425293,,26973.4361580719,5129910.0,68.9755668228098,,,
ESP,Spain,High income,2015,36.2,5.8,1.1,97.40596771240234,88.5305328369141,100.0,98.13999938964844,99.66000366210938,1.002060055732727,0.9648600220680236,4.24903011322021,43053.761430314,46422303.0,66.4614550787613,1.15725028514862,1.04487037658691,0.630986750125885
ESP,Spain,High income,2016,35.8,5.8,1.3,97.39114379882812,89.810791015625,100.0,98.25,99.62000274658205,1.001520037651062,0.9650999903678894,4.19327020645142,44274.6676149922,46458139.0,66.3143685616246,1.0948657989502,1.04160034656525,0.569826066493988
ESP,Spain,High income,2017,34.7,6.2,0.8,97.54405212402344,92.070182800293,100.0,98.34500122070312,99.67000198364258,1.00203001499176,0.975480020046234,4.17846012115479,45446.2508575695,46571232.0,66.1865982307919,1.00125849246979,1.02150094509125,0.510279893875122
ESP,Spain,High income,2018,34.7,6.2,1.0,97.71418762207033,92.5194931030273,100.0,98.44000244140624,99.72000122070312,1.002359986305237,0.9799500107765198,4.15045022964478,46325.2099441141,46782011.0,66.1319737035927,0.969246029853821,1.02963280677795,0.612778782844543
ESP,Spain,High income,2019,34.3,6.2,0.9,97.86363983154295,91.5387725830078,100.0,98.51499938964844,99.67000198364258,1.002079963684082,0.9857500195503236,4.20255994796753,46896.4171141424,47118501.0,66.1693765330282,0.968808770179749,1.03599870204926,0.666394531726837
ESP,Spain,High income,2020,34.9,6.0,1.1,97.92923736572266,91.59912109375,100.0,98.58999633789064,99.62000274658205,1.000599980354309,0.9841799736022948,4.85118007659912,41553.4477945675,47359424.0,66.2408766587242,0.853928565979004,1.00401437282562,0.711801946163177
ESP,Spain,High income,2021,33.9,6.4,0.7,98.03836822509766,95.3768997192383,100.0,99.6999969482422,99.7300033569336,0.999530017375946,0.9911999702453612,4.81316995620728,44251.6658222621,47443821.0,66.2783015470184,0.907896876335144,0.99951308965683,0.715437471866608
ESP,Spain,High income,2022,33.6,6.6,0.8,97.96617126464844,95.0271606445312,100.0,,,0.9979400038719176,0.993149995803833,4.58553981781006,46733.4809780536,47786102.0,66.2160904145149,0.920230388641357,1.01683568954468,0.685416162014008
ESP,Spain,High income,2023,33.4,6.5,0.8,98.0022201538086,93.7303466796875,100.0,,,0.9972000122070312,0.9911900162696838,,47322.5937004504,48352528.0,66.0876417150889,0.752065539360046,1.19472968578339,0.629368722438812
ESP,Spain,High income,2024,41.1,5.393103448275863,1.0586206896551724,98.21482849121094,93.7689666748047,93.4016571044922,,,0.9980199933052064,0.9912400245666504,,48460.2914069661,48848840.0,65.9328112372132,,,
URY,Uruguay,High income,2015,40.1,5.6,0.2,98.49512176185917,57.7897211461691,100.0,98.5199966430664,98.93000030517578,1.012231073099213,,4.20636987686157,28941.6294107011,3368017.0,64.2445391457347,0.454686135053635,1.14334154129028,1.3004002571106
URY,Uruguay,High income,2016,39.7,5.7,0.1,96.29028457732282,59.6462945758069,100.0,98.55999755859376,99.15000152587892,1.013403057958335,,4.36420011520386,29332.5672615246,3379283.0,64.3219434418485,0.504967212677002,1.16300630569458,1.24705672264099
URY,Uruguay,High income,2017,39.5,5.9,0.1,97.85994286093948,59.7518904286933,100.0,98.62000274658205,98.93000030517578,1.006558359553547,1.018530011177063,4.41787004470825,29762.4333171685,3388438.0,64.4238089089735,0.404940634965897,1.1673538684845,1.25341796875
URY,Uruguay,High income,2018,39.7,5.9,0.1,100.0,60.2781342968002,100.0,98.6999969482422,98.87999725341795,1.11073994636536,1.016039967536926,4.60361003875732,29757.9388543783,3394534.0,64.5510989137242,0.504864871501923,1.19108092784882,1.20765292644501
URY,Uruguay,High income,2019,39.7,5.8,0.1,98.79082265398924,61.9644279466795,100.0,98.7699966430664,99.0199966430664,1.01441960033033,1.014201020187044,4.62834978103638,30010.5742615797,3397206.0,64.6984116798351,0.643020868301392,1.22502756118774,1.19539678096771
URY,Uruguay,High income,2020,40.2,5.7,0.3,97.83365362944032,64.9332150107214,100.0,98.9596198051761,99.0304333878448,1.021316979736617,1.007459380835525,4.55217981338501,27788.1854968153,3398968.0,64.866512423771,0.730210959911346,1.30677044391632,1.36466670036316
URY,Uruguay,High income,2021,40.8,5.7,0.2,99.37039184570312,75.1713873701582,100.0,98.9048091396486,99.2,1.021488148571735,1.041523276688496,4.46211004257202,29431.8850087471,3396695.0,65.0844077970509,0.799662232398987,1.28641426563263,1.58596456050873
URY,Uruguay,High income,2022,40.6,5.6,0.2,97.8953255413891,76.3977408357972,100.0,98.84999847412108,99.12999725341795,1.021659317406853,1.041821729265189,4.4795298576355,30804.7032775797,3390913.0,65.3197383713472,0.849587678909302,1.28492343425751,1.61050200462341
URY,Uruguay,High income,2023,40.9,5.6,0.2,98.5046596001992,79.9536903496537,100.0,98.8254937778285,99.0,1.003285838078498,1.002944291369118,4.76461982727051,31059.2537072459,3388081.0,65.5017789571411,0.850249707698822,1.28379380702972,1.57394731044769
URY,Uruguay,High income,2024,40.0,5.7,0.2,,,,98.91000366210938,99.0199966430664,,,,32038.7727288227,3386588.0,65.6618351068738,,,
GEO,Georgia,Upper middle income,2015,36.5,6.7,10.6,97.37989575475594,51.9050659422441,100.0,,,1.02771997451782,0.943927929389184,3.10870368877345,14936.8434116647,3725276.0,66.4359840145481,0.263111501932144,0.274659216403961,0.700735151767731
GEO,Georgia,Upper middle income,2016,36.6,6.7,10.5,97.48642677196248,58.1988080034057,100.0,,,1.01774001121521,0.943544868019606,3.52338004112244,15442.9564358054,3727505.0,65.8971898365452,0.420896291732788,0.295699268579483,0.713530719280243
GEO,Georgia,Upper middle income,2017,37.9,6.3,11.1,97.32528119349404,63.535040959252,100.0,99.36000061035156,99.63999938964844,1.01057004928589,0.9455159620924588,3.52442002296448,16237.6242230275,3728004.0,65.3998342675011,0.481504321098328,0.265135079622269,0.759495615959167
GEO,Georgia,Upper middle income,2018,36.4,6.5,11.0,97.4628959914925,66.747813990461,100.0,99.65000152587892,99.91999816894533,1.01428997516632,0.9478206781424124,3.46094989776611,17228.6790847503,3726549.0,64.9358595812196,0.518133521080017,0.229046493768692,0.724816799163818
GEO,Georgia,Upper middle income,2019,35.9,6.8,9.7,97.47833640374968,69.6463934713126,100.0,99.8757151699707,100.0,1.00812995433807,0.9503463201091372,3.82985997200012,18186.8816465807,3720161.0,64.4923615039024,0.766199469566345,0.168092742562294,0.716545462608337
GEO,Georgia,Upper middle income,2020,34.5,7.0,12.0,97.81260195198716,71.8064531290391,100.0,99.8930662080586,99.7579598294181,1.00990998744965,0.958318265804514,3.80951130708125,17031.1440283426,3722716.0,64.1121823294811,0.716738402843475,0.0556090585887432,0.601492643356323
GEO,Georgia,Upper middle income,2021,34.2,7.0,10.8,97.94410402102024,77.2303110681266,100.0,99.9180842054209,100.0,1.00392997264862,0.9537343923542012,3.59441995620727,18915.6534005263,3708610.0,63.8378060056736,0.616529405117035,0.010173449292779,0.661079525947571
GEO,Georgia,Upper middle income,2022,33.5,7.0,7.7,98.00484911207214,79.3253367493498,98.041636879617,99.56999969482422,99.69000244140624,,0.9502138227756104,3.75498008728027,20966.5280391134,3712502.0,63.7158878760804,0.650143086910248,0.0156398266553879,0.620420038700104
GEO,Georgia,Upper middle income,2023,34.8,7.0,5.8,98.14752985500816,78.2652247393707,93.6469841521709,99.55999755859376,99.33999633789064,,0.954046775544236,3.70918011665344,22590.5293649146,3715483.0,63.6417358197995,0.791285872459412,0.0347131341695786,0.617694795131683
GEO,Georgia,Upper middle income,2024,33.9,7.3,4.2,98.41457598651712,,85.8520249507793,99.68000030517578,99.66000366210938,,0.9652988160850954,3.98011682083814,24883.9081161639,3699557.0,63.5635441096524,,,
IDN,Indonesia,Upper middle income,2015,38.2,7.4,21.6,87.8423207929976,32.4590200433758,95.7864737958094,95.22000122070312,99.66999816894533,1.00376999378204,1.039329227073038,3.58361005783081,10893.6621142169,261799249.0,66.9524898064165,-0.325818121433258,0.184877097606659,-0.519084393978119
IDN,Indonesia,Upper middle income,2016,36.9,7.4,18.0,87.8191791728036,34.8307173410877,99.2077611274975,95.37999725341795,99.66999816894533,1.03070998191833,1.023720531552552,1.21023452496964,11319.6634287738,264627418.0,67.077798038297,-0.0507822521030903,0.16793267428875,-0.463151514530182
IDN,Indonesia,Upper middle income,2017,36.4,7.4,14.8,90.9455391241064,35.967012362631,95.1407540800194,95.52000045776369,99.58,1.02471005916595,1.004431369051359,1.05324382490056,11772.5743296107,267346658.0,67.1982866155746,-0.0197342690080404,0.131470382213593,-0.305278927087784
IDN,Indonesia,Upper middle income,2018,36.3,7.4,12.5,84.97520023391805,36.1494878042588,100.0,95.66000366210938,99.70999908447266,1.048790596201991,1.005896351152177,0.994436460846179,12262.2310300771,269951846.0,67.3141002204628,0.141379877924919,0.162210986018181,-0.299604296684265
IDN,Indonesia,Upper middle income,2019,35.4,7.6,10.9,94.358962296259,37.3230862728703,100.0,95.83000183105467,99.74499893188477,1.0544206625039922,1.008403170525673,0.964399077622927,12757.7850854842,272489381.0,67.4223673692444,0.138700008392334,0.131386235356331,-0.473498523235321
IDN,Indonesia,Upper middle income,2020,35.3,7.6,9.8,93.30241320022084,38.1650601406923,99.2865225014332,96.0,99.77999877929688,1.0600507288059935,0.97938274393607,1.01593221347809,12388.5449268131,274814866.0,67.5576712934403,0.31706503033638,0.0993008315563202,-0.454962939023972
IDN,Indonesia,Upper middle income,2021,35.5,7.6,8.6,93.20046635288912,40.6293239880732,98.3300036590485,,96.78499938964843,1.065680795107995,0.9790259054392932,1.03221750658374,12757.0746440204,276758053.0,67.7378359790672,0.346443444490433,0.149332702159882,-0.449847877025604
IDN,Indonesia,Upper middle income,2022,35.5,7.8,7.9,93.81626307624082,42.3260385456152,100.0,,93.79,1.065715816691652,0.9787043631591562,0.863943349575907,13334.2653947637,278830529.0,67.9012667725156,0.436147511005402,0.14396958053112,-0.435335576534271
IDN,Indonesia,Upper middle income,2023,36.1,7.9,6.7,94.90998641422937,44.8813034886441,34.86686115754854,,,1.056993639392416,0.9843118425314552,1.27517088245674,13889.9749067297,281190067.0,68.0168202172248,0.58032637834549,0.138982817530632,-0.48687219619751
IDN,Indonesia,Upper middle income,2024,34.9,8.1,5.4,99.63985719741912,,33.51031669833336,,,,0.9822177731683444,,14470.4372020578,283487931.0,68.1136017534969,,,
THA,Thailand,Upper middle income,2015,36.0,7.5,0.1,100.0,45.713134717198,100.0,92.87000274658205,98.15000152587892,0.961480021476746,0.9305999875068665,3.86397622727286,18811.9975100064,70540795.0,71.5683231839936,0.238737538456917,-0.969038724899292,-0.555973410606384
THA,Thailand,Upper middle income,2016,36.7,7.3,0.1,100.0,49.3227291503798,100.0,91.9800033569336,97.48999786376952,0.995890021324158,0.9214400053024292,3.76761756770937,19370.6087810117,70859841.0,71.4840033899878,0.22570513188839,-1.022944688797,-0.451746016740799
THA,Thailand,Upper middle income,2017,36.4,7.3,0.1,89.78358871344483,47.427491541895,100.0,92.875,97.81499862670898,1.096919152483255,1.156880718101435,3.46532147640365,20094.6778762603,71160187.0,71.3970271044959,0.257845818996429,-1.04547691345215,-0.446126043796539
THA,Thailand,Upper middle income,2018,36.4,7.2,0.1,91.71326712462826,46.1667791174286,82.242398673325,93.7699966430664,98.13999938964844,1.103188744400832,1.160129526740179,3.19769395901619,20879.9027821449,71376079.0,71.2751569841428,0.254539996385574,-1.017458319664,-0.458226591348648
THA,Thailand,Upper middle income,2019,34.9,7.7,0.1,90.90767911439328,44.9880040072053,100.0,91.2699966430664,98.5199966430664,1.036808198010655,1.039003460801208,3.02221411183282,21277.8392684764,71522271.0,71.119813854904,0.260609537363052,-0.846085667610168,-0.47199535369873
THA,Thailand,Upper middle income,2020,35.0,7.5,0.1,92.5030453797532,42.5900878816865,100.0,91.2133305867513,98.40333048502605,1.033560985156567,1.048523269661967,3.15314171737183,19957.257140917,71641484.0,70.9348809059768,0.201812535524368,-0.809261918067932,-0.483811765909195
THA,Thailand,Upper middle income,2021,34.9,7.6,0.0,95.2157635814506,43.4690405127808,100.0,91.1566645304362,98.28666432698569,1.015415356259985,1.024921912243898,2.98212428478268,20242.7700035656,71727332.0,70.7171395974968,0.220056802034378,-0.789397776126862,-0.478870928287506
THA,Thailand,Upper middle income,2022,34.3,7.7,0.0,94.55267582876176,43.29484965617,100.0,91.09999847412108,98.16999816894533,1.05888855457306,1.162695004752573,2.61187022798634,20762.7952598527,71735329.0,70.4702497426338,0.127444162964821,-0.620351493358612,-0.452444344758987
THA,Thailand,Upper middle income,2023,33.5,7.9,0.0,99.91492979871622,45.4407811172674,100.0,,,,1.051222918301396,2.52122219628772,21191.4540309274,71702435.0,70.1920646070109,0.171705812215805,-0.450371354818344,-0.489050775766373
THA,Thailand,Upper middle income,2024,33.3,7.9,0.0,97.11724140060696,44.9845744019321,100.0,,,,0.9640372220733056,,21740.5403219261,71668011.0,69.887763454186,,,
BGD,Bangladesh,Lower middle income,2015,29.74375,8.86875,6.4625,59.4217414855957,15.5739926180902,47.57899856567383,65.13999938964844,87.88999938964844,1.11307096481323,1.189776956957771,1.87225417109978,5352.71133299566,159383179.0,63.9150578117155,-0.752009570598602,-0.512201607227325,-0.844677090644836
BGD,Bangladesh,Lower middle income,2016,32.4,8.6,19.5,64.1664546117285,17.3985207411042,50.43131989908811,72.76000213623047,92.23999786376952,1.10351002216339,1.199768793468512,1.28183996677399,5682.53553494306,160811932.0,64.3617117778247,-0.705847561359406,-0.584256231784821,-0.88751894235611
BGD,Bangladesh,Lower middle income,2017,29.74375,8.86875,6.4625,89.27248780509865,18.5175604399834,50.43127102566023,72.88999938964844,92.9499969482422,1.181059442912802,1.207851740199277,2.11342875356648,6005.70718781048,162186147.0,64.6648001467869,-0.752013146877289,-0.615438640117645,-0.858602941036224
BGD,Bangladesh,Lower middle income,2018,29.74375,8.86875,6.4625,88.95244342560429,19.5710492453779,48.48731207324831,73.91000366210938,93.3000030517578,1.13948059082031,1.203445047133874,2.09477473545666,6392.59334024091,163523103.0,64.7973177686173,-0.762283682823181,-0.742033064365387,-0.926822602748871
BGD,Bangladesh,Lower middle income,2019,29.74375,8.86875,6.4625,65.1185413488915,22.7094642473405,67.92530488664362,74.68000030517578,94.86000061035156,1.1429044008255,1.197446599044743,1.13094997406006,6838.32611608243,164913055.0,64.8612797816401,-0.753539621829987,-0.741862595081329,-1.017209649086
BGD,Bangladesh,Lower middle income,2020,29.74375,8.86875,6.4625,66.4329548486639,22.6923019564501,65.62207467073038,74.91000366210938,94.45999908447266,1.17106783390045,1.224255212931221,2.13974351741877,7015.19792797056,166298024.0,64.9064095313604,-0.779491305351257,-0.769459009170532,-1.00371217727661
BGD,Bangladesh,Lower middle income,2021,29.74375,8.86875,6.4625,81.85781384814867,23.9006822335243,66.17329675991033,76.36000061035156,94.83000183105467,1.212352837090944,1.272270707634792,2.17090882504654,7441.06913961254,167658854.0,64.9516858651805,-0.653351545333862,-0.774502336978912,-0.986505091190338
BGD,Bangladesh,Lower middle income,2022,30.9,8.8,5.9,75.26995045001134,23.5005059888653,73.6041840704256,79.0,93.4499969482422,1.19466322906535,1.247313101376795,2.08538657806243,7888.16389098304,169384897.0,65.0947523228864,-0.763355314731598,-0.753301620483398,-1.07575178146362
BGD,Bangladesh,Lower middle income,2023,29.74375,8.86875,6.4625,76.3601722740726,24.2003442708621,77.2605867681977,,,1.242771344538814,1.260886495067431,2.16213826344701,8242.39798977242,171466990.0,65.3185697725259,-0.697334110736847,-0.753886342048645,-1.12086641788483
BGD,Bangladesh,Lower middle income,2024,29.74375,8.86875,6.4625,76.05668898193501,23.7295608009814,77.87651450378496,,,1.243947010076017,1.250806686265369,2.0343847791384,8486.78495660517,173562364.0,65.5126064657658,,,
KGZ,Kyrgyz Republic,Lower middle income,2015,29.0,9.5,11.0,89.52741427537507,46.5495890237956,92.78416347381864,,,0.99529199284445,0.9937475945633116,5.98551988601685,5600.2143342846,6040036.0,63.2310498606937,-0.978849112987518,-0.404144912958145,-1.17951929569244
KGZ,Kyrgyz Republic,Lower middle income,2016,26.8,10.0,8.0,90.23933258284886,44.5886036787376,94.99201202392578,,,0.9930735092845858,0.9914786957120594,6.58616018295288,5715.01041179003,6175338.0,62.8678023099597,-0.965182244777679,-0.418315917253494,-1.10505127906799
KGZ,Kyrgyz Republic,Lower middle income,2017,27.3,9.9,8.2,91.0774662977705,41.5760302696793,95.43013426156142,,,0.9922241843019268,0.990422215525786,6.02618980407715,5861.22200040503,6306696.0,62.7005347701048,-0.75117963552475,-0.428766906261444,-1.07767915725708
KGZ,Kyrgyz Republic,Lower middle income,2018,27.7,9.9,5.9,91.78591570130268,39.5679556504749,96.02439254987236,,,0.9925990698781298,0.9937904255990504,5.55267000198364,5951.82876758606,6444079.0,62.5187488212999,-0.646288573741913,-0.354231774806976,-0.961097419261932
KGZ,Kyrgyz Republic,Lower middle income,2019,29.7,9.6,4.9,91.72593802138212,40.8257000638543,96.46248370880656,,,0.9903933606146286,0.9885658507690324,5.0802698135376,6087.60193826927,6590211.0,62.2170191568108,-0.731618404388428,-0.45369553565979,-0.960630595684052
KGZ,Kyrgyz Republic,Lower middle income,2020,29.0,9.4,9.4,93.12365178447712,45.3327840830343,96.3365117021762,,,1.000181579319595,0.998860254198842,5.7331600189209,5537.79547319377,6726596.0,61.9762836597283,-0.576322257518768,-0.57676887512207,-1.12495839595795
KGZ,Kyrgyz Republic,Lower middle income,2021,28.8,9.5,5.6,92.23675068439358,51.6239256637785,96.73213975317223,,,1.014167449782298,1.015156793580376,5.16667985916138,5736.47883415154,6851224.0,61.8818679657153,-0.776387393474579,-0.590281307697296,-1.15049564838409
KGZ,Kyrgyz Republic,Lower middle income,2022,26.4,10.0,4.5,91.63930971006428,54.2184527097527,96.57189556540068,,,1.01543668963412,1.015061604285581,7.16884382244099,6139.77788825006,6975220.0,61.8785463271739,-0.890511035919189,-0.730020940303802,-1.23040282726288
KGZ,Kyrgyz Republic,Lower middle income,2023,27.2,9.9,2.7,91.9397744508898,53.588822099772,95.95127335803832,,,1.013857366362076,1.012558781776109,6.82694680798777,6575.77541290499,7099750.0,61.9012922216683,-0.890727877616882,-0.723200380802155,-1.22109532356262
KGZ,Kyrgyz Republic,Lower middle income,2024,27.5,9.6,2.2,92.2169123139147,53.1743590503791,95.54238695553713,,,1.011973979320139,1.009596695601047,,7048.98952111264,7221868.0,61.976494880538,,,
UZB,Uzbekistan,Lower middle income,2015,29.74375,8.86875,6.4625,94.08236822293564,8.05320814639575,91.7226939981784,99.9800033569336,100.0,0.9955183453861252,0.9923975511527005,5.49444007873535,7529.76364274179,30749346.0,66.9631109070887,-0.752948343753815,-1.95627927780151,-1.28585171699524
UZB,Uzbekistan,Lower middle income,2016,29.74375,8.86875,6.4625,94.4842435376856,8.33958377998093,93.3463567787813,99.98999786376952,100.0,0.9975648390696734,0.9914124251131052,5.38089990615845,7839.97820100236,31284568.0,66.6394929921998,-0.661517918109894,-1.88692986965179,-1.20056760311127
UZB,Uzbekistan,Lower middle income,2017,29.74375,8.86875,6.4625,95.0289127882096,8.64750307019382,98.944920050941,99.98999786376952,100.0,0.9965212827401289,0.9943714470657238,4.48249006271362,8047.05375469466,31819178.0,66.3032741811129,-0.630247414112091,-1.79745352268219,-1.18715500831604
UZB,Uzbekistan,Lower middle income,2018,29.74375,8.86875,6.4625,95.96709022246128,9.95855522351711,99.03335237205116,99.98999786376952,100.0,0.996124015251516,0.9948410653777706,4.83589298172277,8348.96057873127,32373490.0,65.9153420605047,-0.61695796251297,-1.62735140323639,-1.08264088630676
UZB,Uzbekistan,Lower middle income,2019,29.74375,8.86875,6.4625,98.49232187243776,13.0316667432446,99.97643791812176,100.0,100.0,0.985681596957666,0.9828269392168596,6.29534678547216,8755.12593984949,32964701.0,65.4579393879532,-0.600097477436066,-1.65221631526947,-1.04705107212067
UZB,Uzbekistan,Lower middle income,2020,29.74375,8.86875,6.4625,96.29250140990573,15.9720957084892,99.15973964225402,100.0,100.0,0.9950978492440098,0.994805309217592,4.44021987915039,8727.41104939223,33586372.0,64.9556790474422,-0.615506291389465,-1.53147614002228,-1.0734041929245
UZB,Uzbekistan,Lower middle income,2021,32.9,7.0,4.4,97.02033501375318,22.0939011675309,100.0,100.0,100.0,0.9945030225887184,0.9958279108238524,4.13580989837646,9247.64382703929,34243696.0,64.4123354034613,-0.264640539884567,-1.39758455753326,-0.829755306243896
UZB,Uzbekistan,Lower middle income,2022,31.2,7.2,4.4,97.0341605272228,31.701936179599,100.0,100.0,100.0,0.9957937567156891,0.9963343953465548,5.23477171022152,9607.56167273449,34938955.0,63.88678820121,-0.329937309026718,-1.33092367649078,-0.757770240306854
UZB,Uzbekistan,Lower middle income,2023,34.5,6.4,4.1,97.12838384293298,45.7591768686293,100.0,,,0.996327581160766,0.9977199963743902,5.47287597270024,10007.685502618,35652307.0,63.4338978400472,-0.283767521381378,-1.30965662002563,-0.807529330253601
UZB,Uzbekistan,Lower middle income,2024,34.6,6.6,2.7,96.99841431706184,56.517478700865,100.0,,,0.9989308282743804,0.9988334679044992,,10450.2051402852,36361859.0,63.0320578494076,,,
BDI,Burundi,Low income,2015,40.199999999999996,6.814285714285715,50.885714285714286,66.88296159406185,5.25856537918645,100.0,,,1.07666272669446,1.01377282587019,6.37133979797363,995.319068450023,11047580.0,50.7329704786026,-1.23757755756378,-1.2720273733139,-1.28703820705414
BDI,Burundi,Low income,2016,40.199999999999996,6.814285714285715,50.885714285714286,67.74645909107441,3.97908916361797,100.0,65.69000244140625,84.36000061035156,1.059401632882639,1.070554666688245,4.69199991226196,1009.63596796379,11239451.0,50.0141465984415,-1.48436272144318,-1.55564069747925,-1.27876329421997
BDI,Burundi,Low income,2017,40.199999999999996,6.814285714285715,50.885714285714286,64.87331047777478,4.30528005798307,100.0,68.37999725341797,88.22000122070312,1.074060663446414,1.177144850528976,4.76202011108398,1023.97040626757,11506762.0,49.7345082830426,-1.38194644451141,-1.57598125934601,-1.31850147247314
BDI,Burundi,Low income,2018,40.199999999999996,6.814285714285715,50.885714285714286,61.70575352432959,4.55281922933846,100.0,69.36582449351334,88.27931202526018,1.06925816514415,1.202146846584589,5.07863998413086,1046.59511246023,11859446.0,49.8778863700716,-1.44979333877563,-1.66952157020569,-1.47827136516571
BDI,Burundi,Low income,2019,40.199999999999996,6.814285714285715,50.885714285714286,59.43142941832966,,100.0,70.35165173360872,88.33862282981724,1.071888600271515,1.205561653133451,5.34668445378401,1057.95005999167,12255336.0,50.2513129688442,-1.37481689453125,-1.72382569313049,-1.49696969985962
BDI,Burundi,Low income,2020,37.5,7.1,74.2,64.58232586330766,,5.795342924828105,71.3374789737041,88.3979336343743,1.088711017696729,1.208574382727141,5.32158506838731,1030.77026419371,12617036.0,50.6081895938159,-1.30248296260834,-1.52661275863647,-1.56340169906616
BDI,Burundi,Low income,2021,40.199999999999996,6.814285714285715,50.885714285714286,,,,,,,1.0646095860433542,4.87114173892375,1035.53857384938,12965481.0,51.0189922371954,-1.35819256305695,-1.4070155620575,-1.59966492652893
BDI,Burundi,Low income,2022,40.199999999999996,6.814285714285715,50.885714285714286,,,,,,,0.9206447893595676,,1031.25412243175,13321097.0,51.5252590861977,-1.26360619068146,-1.39635360240936,-1.51818120479584
BDI,Burundi,Low income,2023,40.199999999999996,6.814285714285715,50.885714285714286,,6.02545976638794,,,,,0.776679992675781,,1036.16712196238,13689450.0,52.1249630965803,-1.20011341571808,-1.36691832542419,-1.55602598190308
BDI,Burundi,Low income,2024,40.199999999999996,6.814285714285715,50.885714285714286,,,,,,,,,1051.25931339275,14047786.0,52.769294036797,,,
BFA,Burkina Faso,Low income,2015,40.199999999999996,6.814285714285715,50.885714285714286,56.69823133732932,4.90356866333498,85.42001028405815,,,0.9937261358882672,0.972661919203369,3.67008996009827,2101.70266192027,18777487.0,51.9206377296387,-0.692133605480194,-0.114221930503845,-0.299044787883759
BFA,Burkina Faso,Low income,2016,40.199999999999996,6.814285714285715,50.885714285714286,50.71430925388874,5.40541465878063,73.1937293920287,,,1.018564644910046,1.009867370218973,4.649279952049255,2162.72578977814,19334856.0,52.0971154917605,-0.638990938663483,0.0134272389113903,-0.169877484440804
BFA,Burkina Faso,Low income,2017,40.199999999999996,6.814285714285715,50.885714285714286,51.68641575686467,5.8341880408112,85.83755869800794,,,1.032277682681256,1.032178742170708,5.62846994400024,2232.28781490944,19894407.0,52.3179781131451,-0.638492047786713,0.0645605251193047,-0.138780206441879
BFA,Burkina Faso,Low income,2018,43.0,6.3,47.7,54.6098864117242,6.31826110291158,87.57573129483478,39.34999847412109,58.86999893188477,1.040361053884957,1.060852738726241,5.488609790802,2316.39432079045,20438288.0,52.5907037810603,-0.644067406654358,-0.0616534128785133,-0.131607040762901
BFA,Burkina Faso,Low income,2019,41.13333333333333,6.633333333333333,45.833333333333336,52.07154602902114,6.90532594926159,88.59325317057124,29.65999984741211,47.04999923706055,1.065802725384408,1.091625284840559,5.45615632520251,2391.53626844484,20961952.0,52.9380433430521,-0.7781862616539,-0.208245500922203,-0.219493299722672
BFA,Burkina Faso,Low income,2020,39.266666666666666,6.966666666666667,43.96666666666667,51.31643183526408,7.64277062242324,89.45180060478329,33.31500053405762,54.85999870300293,1.082519152319466,1.114640693289379,5.21148277030166,2380.93171826574,21478690.0,53.3844208698114,-0.708106637001038,-0.189439803361893,-0.122198514640331
BFA,Burkina Faso,Low income,2021,37.4,7.3,42.1,50.42004743621301,9.30513098594236,90.98276845583408,36.97000122070313,62.66999816894531,1.111917146836896,1.158025604802697,5.24913346712028,2486.43093147762,21995243.0,53.904178280731,-0.765025079250336,-0.116836667060852,-0.0825074538588524
BFA,Burkina Faso,Low income,2022,40.199999999999996,6.814285714285715,50.885714285714286,46.06982314649051,9.67069485831779,88.39631837863571,40.91999816894531,62.81000137329102,1.139309030237118,1.190858771398387,5.29456753304241,2469.19956941259,22509038.0,54.4370275967141,-0.853148698806763,-0.684045016765594,-0.111639469861984
BFA,Burkina Faso,Low income,2023,40.199999999999996,6.814285714285715,50.885714285714286,44.46646839352093,10.1078755635882,90.5297601987198,41.5670909952631,,1.148480948561622,1.209374154270521,5.32757840997187,2486.20669812871,23025776.0,54.9780363536934,-0.826227486133575,-0.809887170791626,-0.169615507125854
BFA,Burkina Faso,Low income,2024,40.199999999999996,6.814285714285715,50.885714285714286,40.69065559864581,10.0419678526515,90.9823024279674,,,1.170123997530107,1.228128731819861,,2547.67232852209,23548781.0,55.5461979114758,,,
RWA,Rwanda,Low income,2015,40.199999999999996,6.814285714285715,50.885714285714286,39.4099042857311,7.53124856448318,93.92453279371504,,88.55000305175781,1.08518004417419,1.10495832478416,3.64713001251221,2238.53941469642,11640022.0,55.8901563931752,-0.146698489785194,-1.13544893264771,0.598373830318451
RWA,Rwanda,Low income,2016,43.7,6.0,63.8,86.12858427645722,7.57807264441764,36.6978752167633,,87.86333465576172,0.9718692903570858,1.108186035499539,3.43482995033264,2316.63731573814,11919183.0,56.1025994818604,0.0133427688851953,-1.15404415130615,0.618635416030884
RWA,Rwanda,Low income,2017,40.199999999999996,6.814285714285715,50.885714285714286,70.60488830305911,7.34488296090452,92.58643465585568,,87.17666625976562,1.044835655955062,1.121685668279373,3.1247398853302,2351.59686866227,12202060.0,56.3437544011522,0.178521797060966,-1.1209123134613,0.605919539928436
RWA,Rwanda,Low income,2018,40.199999999999996,6.814285714285715,50.885714285714286,89.52297261307388,6.76094647714264,94.40020916026906,73.22000122070312,86.48999786376953,1.018099544737203,1.131432100267601,3.07376003265381,2493.44001744938,12487996.0,56.6302952050914,0.079555556178093,-1.14153528213501,0.535689771175385
RWA,Rwanda,Low income,2019,40.199999999999996,6.814285714285715,50.885714285714286,93.80733088766794,6.3142892660234,95.0613063494234,76.63500213623047,89.0,1.029810960452921,1.145937541322603,3.23821222605582,2667.46458436613,12776103.0,56.9801057489909,0.0928625389933586,-1.09761416912079,0.521383941173553
RWA,Rwanda,Low income,2020,40.199999999999996,6.814285714285715,50.885714285714286,94.2793093745299,7.56709586345553,85.60222538979099,80.05000305175781,91.51000213623048,1.0386526042734363,0.784637165315681,3.33309745728459,2520.31739425373,13065837.0,57.3677254660379,0.273775279521942,-1.09181523323059,0.527836561203003
RWA,Rwanda,Low income,2021,40.199999999999996,6.814285714285715,50.885714285714286,94.75128786139187,7.49017735539702,76.14314443015857,79.40500259399414,90.7400016784668,1.047494248093952,1.142138726268874,5.58984994888306,2733.43566762447,13355260.0,57.7540684344595,0.22728443145752,-0.95794290304184,0.573008239269257
RWA,Rwanda,Low income,2022,40.199999999999996,6.814285714285715,50.885714285714286,95.27499592092325,7.41325884733851,76.05082003616407,78.76000213623047,89.97000122070312,1.055603498003849,1.157597484929532,4.74213981628418,2892.45964942821,13651030.0,58.1217900773788,0.232074052095413,-0.93596738576889,0.561417639255524
RWA,Rwanda,Low income,2023,39.4,7.4,38.6,95.46027164818754,8.88624308383425,67.92371814803299,,,1.027728660033414,1.16154123712836,4.92002010345459,3062.99909649442,13954471.0,58.4467853189567,0.388362646102905,-0.902328312397003,0.671653091907501
RWA,Rwanda,Low income,2024,40.199999999999996,6.814285714285715,50.885714285714286,94.15888942385548,9.41173924647801,67.56725111963236,,,1.043861446008402,1.179672474981695,4.61476993560791,3264.64451474392,14256567.0,58.7131340494922,,,
